[
    {
        "id" : 1368036017,
        "name" : "BMW M1 Procar",
        "class" : "Procar"
    },
    {
        "id" : -934098507,
        "name" : "BMW M3 Sport Evo Group A",
        "class" : "Group A"
    },
    {
        "id" : 262982797,
        "name" : "Mercedes-Benz 190E 2.5-16 Evolution 2 DTM",
        "class" : "Group A"
    },
    {
        "id" : 1330326301,
        "name" : "MINI Cooper S 1965",
        "class" : "TC60S"
    },
    {
        "id" : -830134672,
        "name" : "Lotus 23",
        "class" : "TC60S"
    },
    {
        "id" : 1818602836,
        "name" : "MINI Cooper",
        "class" : "MiniChallenge"
    },
    {
        "id" : -950775810,
        "name" : "Caterham Academy",
        "class" : "Cat_Academy"
    },
    {
        "id" : 1864701845,
        "name" : "Caterham 620R",
        "class" : "Cat620R"
    },
    {
        "id" : -1660644383,
        "name" : "Caterham Superlight",
        "class" : "Cat_Superlight"
    },
    {
        "id" : 851522805,
        "name" : "Caterham Supersport",
        "class" : "Cat_Supersport"
    },
    {
        "id" : -2123166417,
        "name" : "Camaro SS",
        "class" : "Street"
    },
    {
        "id" : 428770333,
        "name" : "F301",
        "class" : "F-3"
    },
    {
        "id" : 302183120,
        "name" : "F309",
        "class" : "F-3"
    },
    {
        "id" : 697161929,
        "name" : "Formula Classic Gen1 Model 1",
        "class" : "F-Classic_Gen1"
    },
    {
        "id" : -1819510420,
        "name" : "Formula Classic Gen1 Model 2",
        "class" : "F-Classic_Gen1"
    },
    {
        "id" : -1667467124,
        "name" : "Formula Classic Gen2 Model 1",
        "class" : "F-Classic_Gen2"
    },
    {
        "id" : -1004811218,
        "name" : "Formula Classic Gen2 Model 2",
        "class" : "F-Classic_Gen2"
    },
    {
        "id" : -494068343,
        "name" : "Formula Classic Gen2 Model 3",
        "class" : "F-Classic_Gen2"
    },
    {
        "id" : -1700189536,
        "name" : "Formula Classic Gen3 Model 1",
        "class" : "F-Classic_Gen3"
    },
    {
        "id" : -1662617552,
        "name" : "Formula Classic Gen3 Model 2",
        "class" : "F-Classic_Gen3"
    },
    {
        "id" : -1828044943,
        "name" : "Formula Classic Gen3 Model 3",
        "class" : "F-Classic_Gen3"
    },
    {
        "id" : -1261768631,
        "name" : "Formula Vintage G1M1",
        "class" : "F-Vintage_Gen1"
    },
    {
        "id" : 318400650,
        "name" : "Formula Vintage G1M2",
        "class" : "F-Vintage_Gen1"
    },
    {
        "id" : -1988395354,
        "name" : "Formula Vintage G2M1",
        "class" : "F-Vintage_Gen2"
    },
    {
        "id" : 617290135,
        "name" : "Formula Vintage G2M2",
        "class" : "F-Vintage_Gen2"
    },
    {
        "id" : -1201605905,
        "name" : "Brabham BT26A",
        "class" : "F-Vintage_Gen2"
    },
    {
        "id" : 1061494025,
        "name" : "Lotus Type 49C Cosworth",
        "class" : "F-Vintage_Gen2"
    },
    {
        "id" : 435621847,
        "name" : "Lotus Type 72E",
        "class" : "F-Retro"
    },
    {
        "id" : -1025098540,
        "name" : "Brabham BT44",
        "class" : "F-Retro"
    },
    {
        "id" : 1437730287,
        "name" : "Formula Retro V8",
        "class" : "F-Retro"
    },
    {
        "id" : -532210519,
        "name" : "Formula Retro V12",
        "class" : "F-Retro"
    },
    {
        "id" : 553963368,
        "name" : "McLaren M23",
        "class" : "F-Retro"
    },
    {
        "id" : -2140090167,
        "name" : "Formula Vee",
        "class" : "F-Vee"
    },
    {
        "id" : -186413128,
        "name" : "Formula Vee Fin",
        "class" : "F-Vee"
    },
    {
        "id" : 575788923,
        "name" : "Formula Trainer",
        "class" : "F-Trainer"
    },
    {
        "id" : 1982976051,
        "name" : "Formula Trainer Advanced",
        "class" : "F-Trainer_A"
    },
    {
        "id" : 1948072701,
        "name" : "Formula Reiza",
        "class" : "F-Reiza"
    },
    {
        "id" : -1142039519,
        "name" : "Formula Ultimate 2019",
        "class" : "F-Ultimate"
    },
    {
        "id" : 523915852,
        "name" : "Formula V10",
        "class" : "F-V10_Gen2"
    },
    {
        "id" : 884102371,
        "name" : "Formula V10 G1",
        "class" : "F-V10_Gen1"
    },
    {
        "id" : -1766950841,
        "name" : "McLaren MP4/12",
        "class" : "F-V10_Gen1"
    },
    {
        "id" : -2053858829,
        "name" : "Formula V12",
        "class" : "F-V12"
    },
    {
        "id" : -487937394,
        "name" : "Iveco Stralis",
        "class" : "CopaTruck"
    },
    {
        "id" : -819133010,
        "name" : "MAN",
        "class" : "CopaTruck"
    },
    {
        "id" : 1647822272,
        "name" : "Mercedes-Benz",
        "class" : "CopaTruck"
    },
    {
        "id" : -2086797102,
        "name" : "VW",
        "class" : "CopaTruck"
    },
    {
        "id" : 2091910841,
        "name" : "Ginetta G55 GT4 Supercup",
        "class" : "G55Supercup"
    },
    {
        "id" : 379055283,
        "name" : "Ginetta G55 GT4",
        "class" : "GT4"
    },
    {
        "id" : 1433352906,
        "name" : "Ginetta G58",
        "class" : "P1"
    },
    {
        "id" : -241187148,
        "name" : "BMW M6 GT3",
        "class" : "GT3"
    },
    {
        "id" : 1353949246,
        "name" : "Mercedes-AMG GT3",
        "class" : "GT3"
    },
    {
        "id" : 809291220,
        "name" : "Porsche 911 GT3 R",
        "class" : "GT3"
    },
    {
        "id" : 2144142462,
        "name" : "Porsche 911 GT3 Cup 3.8",
        "class" : "Carrera Cup"
    },
    {
        "id" : -109705417,
        "name" : "Porsche 911 GT3 Cup 4.0",
        "class" : "Carrera Cup"
    },
    {
        "id" : 1464988033,
        "name" : "Porsche Cayman GT4 Clubsport MR",
        "class" : "GT4"
    },
    {
        "id" : 850609487,
        "name" : "McLaren 570S GT4",
        "class" : "GT4"
    },
    {
        "id" : -310556497,
        "name" : "McLaren 720S GT3",
        "class" : "GT3"
    },
    {
        "id" : -2019695308,
        "name" : "Camaro GT4.R",
        "class" : "GT4"
    },
    {
        "id" : 844159614,
        "name" : "Kart 125cc 2STROKE",
        "class" : "Kart125cc"
    },
    {
        "id" : -2116593279,
        "name" : "Kart GX390 Rental",
        "class" : "KartRental"
    },
    {
        "id" : 374810616,
        "name" : "Kart GX390 Race",
        "class" : "KartGX390"
    },
    {
        "id" : -739789710,
        "name" : "Kart 125cc Shifter",
        "class" : "KartShifter"
    },
    {
        "id" : 95104745,
        "name" : "MCR S2000",
        "class" : "P4"
    },
    {
        "id" : 1932261404,
        "name" : "MetalMoro AJR Chevy V8",
        "class" : "P1"
    },
    {
        "id" : -1236687924,
        "name" : "MetalMoro AJR Honda",
        "class" : "P1"
    },
    {
        "id" : -1745773963,
        "name" : "MetalMoro AJR Judd",
        "class" : "P1"
    },
    {
        "id" : 1618401665,
        "name" : "MetalMoro AJR V6 Turbo",
        "class" : "P1"
    },
    {
        "id" : -50694644,
        "name" : "Mitsubishi Lancer R",
        "class" : "LancerCup"
    },
    {
        "id" : 213908738,
        "name" : "Mitsubishi Lancer RS",
        "class" : "LancerCup"
    },
    {
        "id" : 979672157,
        "name" : "Copa Montana",
        "class" : "Montana"
    },
    {
        "id" : -1404228714,
        "name" : "Sprint Race",
        "class" : "SprintRace"
    },
    {
        "id" : 253111186,
        "name" : "Super V8",
        "class" : "SuperV8"
    },
    {
        "id" : 1323381033,
        "name" : "Stock Car Brasil",
        "class" : "StockCarV8"
    },
    {
        "id" : 1836524676,
        "name" : "Stock Car 2020",
        "class" : "StockCarV8_2020"
    },
    {
        "id" : 619110280,
        "name" : "Stock Car Corolla",
        "class" : "StockCarV8_2020"
    },
    {
        "id" : 306371028,
        "name" : "Superkart 250cc",
        "class" : "SuperKart"
    },
    {
        "id" : 1560162507,
        "name" : "Ultima GTR",
        "class" : "Street"
    },
    {
        "id" : 306785397,
        "name" : "Ultima GTR Race",
        "class" : "GTOpen"
    },
    {
        "id" : 703591920,
        "name" : "MetalMoro MRX Duratec Turbo P2",
        "class" : "P2"
    },
    {
        "id" : 65202613,
        "name" : "MetalMoro MRX Honda P3",
        "class" : "P3"
    },
    {
        "id" : -181636428,
        "name" : "MetalMoro MRX Duratec P4",
        "class" : "P4"
    },
    {
        "id" : -1834081784,
        "name" : "MetalMoro MRX Duratec Turbo P3",
        "class" : "P3"
    },
    {
        "id" : 802736208,
        "name" : "Roco 001",
        "class" : "P3"
    },
    {
        "id" : -1870819346,
        "name" : "Sigma P1",
        "class" : "P2"
    },
    {
        "id" : -1201567586,
        "name" : "Opala 79",
        "class" : "Opala79"
    },
    {
        "id" : 245459304,
        "name" : "Opala Stock Cars 1986",
        "class" : "Opala86"
    },
    {
        "id" : -62148492,
        "name" : "Opala OldStock",
        "class" : "OldStock"
    },
    {
        "id" : -609305506,
        "name" : "Puma GTB",
        "class" : "CopaClassicFL"
    },
    {
        "id" : 1031807465,
        "name" : "Puma GTE",
        "class" : "CopaClassicB"
    },
    {
        "id" : -93205368,
        "name" : "Puma P052",
        "class" : "GT5"
    },
    {
        "id" : -1155860123,
        "name" : "Chevette",
        "class" : "CopaClassicB"
    },
    {
        "id" : 1775576087,
        "name" : "Copa Fusca",
        "class" : "CopaFusca"
    },
    {
        "id" : -815324367,
        "name" : "Fusca CA",
        "class" : "CopaClassicFL"
    },
    {
        "id" : -844211966,
        "name" : "Copa Uno",
        "class" : "CopaUno"
    },
    {
        "id" : 311092313,
        "name" : "Uno Classic B",
        "class" : "CopaClassicB"
    },
    {
        "id" : -45848101,
        "name" : "Copa Classic A",
        "class" : "CopaClassicFL"
    },
    {
        "id" : -333355648,
        "name" : "Copa Classic B",
        "class" : "CopaClassicB"
    },
    {
        "id" : 1661024873,
        "name" : "Pas Classic A",
        "class" : "CopaClassicFL"
    },
    {
        "id" : 1700425966,
        "name" : "Pas Classic B",
        "class" : "CopaClassicB"
    },
    {
        "id" : -1086802614,
        "name" : "Fusca HC1",
        "class" : "Hot Cars"
    },
    {
        "id" : 150641251,
        "name" : "Fusca HC2",
        "class" : "Hot Cars"
    },
    {
        "id" : 390318757,
        "name" : "Pas HotCars",
        "class" : "Hot Cars"
    },
    {
        "id" : 1653755268,
        "name" : "Col HC",
        "class" : "Hot Cars"
    },
    {
        "id" : 1785300635,
        "name" : "ARC Camaro",
        "class" : "ARC_Cam"
    }
]